<?xml version="1.0" encoding="UTF-8"?>
<beans  
    xmlns="http://www.springframework.org/schema/beans"  
    xmlns:xsi="http://www.w3.org/2001/XMLSchema-instance"  
    xmlns:p="http://www.springframework.org/schema/p"  
    xsi:schemaLocation="http://www.springframework.org/schema/beans  
               http://www.springframework.org/schema/beans/spring-beans-3.0.xsd">  
               

<bean id="q1" class="p.Quest">  

	<property name = "id" value = "1"></property>
	<property name = "name" value = "what is java"></property>
	<property name = "courses">
		<list>
			<value>servlet</value>
			<value>jsp</value>
		</list>
	</property>

</bean>  
  
</beans>  