<!DOCTYPE hibernate-mapping PUBLIC "-//Hibernate/Hibernate Mapping DTD 3.0//EN" 
"http://hibernate.sourceforge.net/hibernate-mapping-3.0.dtd">  
<hibernate-mapping>

<class name = "p.Emp1" table = "Empinh3">

<id name = "id" column = "eid"/>

<property name = "ename" column = "ename"></property>

<union-subclass name = "p.RegEmp">
<property name = "sal" column = "sal" length = "10"></property>
<property name = "bonus" column = "bonus" length = "10"></property>
</union-subclass>

<union-subclass name = "p.ConEmp">
<property name = "pay" column = "pay" length = "10"></property>
<property name = "period" column = "period" length = "10"></property>
</union-subclass>

</class>

</hibernate-mapping>