<!DOCTYPE hibernate-mapping PUBLIC "-//Hibernate/Hibernate Mapping DTD 3.0//EN" 
"http://hibernate.sourceforge.net/hibernate-mapping-3.0.dtd">  
<hibernate-mapping>

<class name = "p.Emp1" table = "Empinh2">

<id name = "id">
<generator class = "assigned"></generator>
</id>

<property name = "ename"></property>

<joined-subclass name = "p.RegEmp" table = "RegEmp3">
<key column = "dummy1"/>
<property name = "sal"></property>
<property name = "bonus"></property>
</joined-subclass>

<joined-subclass name = "p.ConEmp" table = "ConEmp3">
<key column = "dummy1"/>
<property name = "pay"></property>
<property name = "period"></property>
</joined-subclass>

</class>

</hibernate-mapping>