<?xml version="1.0" encoding="UTF-8"?>
<beans  
    xmlns="http://www.springframework.org/schema/beans"  
    xmlns:xsi="http://www.w3.org/2001/XMLSchema-instance"  
    xmlns:p="http://www.springframework.org/schema/p"  
    xsi:schemaLocation="http://www.springframework.org/schema/beans  
               http://www.springframework.org/schema/beans/spring-beans-3.0.xsd">  
               

<bean id="b1" class="p.B">  
</bean>  

<bean id = "a1" class = "p.A" autowire = "constructor">
<constructor-arg value = "10" type = "int"></constructor-arg>
</bean>

<bean id = "a3" class = "p.A" autowire = "constructor"></bean>
  
</beans>  