<?xml version="1.0" encoding="UTF-8"?>
<beans  
    xmlns="http://www.springframework.org/schema/beans"  
    xmlns:xsi="http://www.w3.org/2001/XMLSchema-instance"  
    xmlns:p="http://www.springframework.org/schema/p"  
    xsi:schemaLocation="http://www.springframework.org/schema/beans  
               http://www.springframework.org/schema/beans/spring-beans-3.0.xsd">  
               
               
<bean id="a1" class="p.Answers">  

	<property name="id" value="1"></property> 
	<property name="name" value="programming lang"></property>  
	<property name="by" value="abc"></property> 

</bean>  

<bean id="a2" class="p.Answers">  

	<property name="id" value="2"></property> 
	<property name="name" value="OOPs based"></property>  
	<property name="by" value="xyz"></property> 

</bean>  

<bean id="q1" class="p.Quest">  

	<property name = "id" value = "1"></property>
	<property name = "q" value = "what is java"></property>
	<property name = "ans">
		<list>
			<ref bean = "a1"/>
			<ref bean = "a2"/>
		</list>
	</property>

</bean>  
  
</beans>  