<?xml version="1.0" encoding="UTF-8"?>
<beans xmlns="http://www.springframework.org/schema/beans"
	xmlns:xsi="http://www.w3.org/2001/XMLSchema-instance"
	xmlns:p="http://www.springframework.org/schema/p"
	xmlns:context="http://www.springframework.org/schema/context"
	xsi:schemaLocation="http://www.springframework.org/schema/beans
		http://www.springframework.org/schema/beans/spring-beans-3.0.xsd
		
		http://www.springframework.org/schema/context
		http://www.springframework.org/schema/context/spring-context-3.0.xsd">
		

	<context:component-scan  base-package="p" />
	<!--  <context:component-scan  base-package="Dao" />-->
		
	<context:component-scan  base-package="p1" />
	<bean id="viewResolver"
		class="org.springframework.web.servlet.view.UrlBasedViewResolver">
		<property name="viewClass"
			value="org.springframework.web.servlet.view.JstlView" />
		<property name="prefix" value="/WEB-INF/jsp/" />
		<property name="suffix" value=".jsp" />
	</bean>

 <bean id="ds1" class="org.springframework.jdbc.datasource.DriverManagerDataSource">    
<property name="driverClassName" value="com.mysql.jdbc.Driver"></property>    
<property name="url" value="jdbc:mysql://localhost:3306/db1"></property>       
<property name="username" value="root"></property>    
<property name="password" value="root"></property>    
</bean>    
    
<bean id="jt" class="org.springframework.jdbc.core.JdbcTemplate">    
<property name="dataSource" ref="ds1"></property>    
</bean>    
 <bean id="dao3" class="p1.EDao ">    
<property name="template" ref="jt"></property>     
</bean>

<!-- <bean id="dao" class="Dao.LoginImpl ">    
<property name="template" ref="jt"></property>     
</bean> 
<bean id="dao1" class="Dao.EmpDao ">    
<property name="template" ref="jt"></property>     
</bean>  --> 
  	
  
  
</beans>